ID,name
10533,Agar Agar
10536,Agave syrup
273,Almond
14113,"Almond drink, plain"
14131,"Almond drink, plain, with calcium and vitamin fortified"
278,"Almond, dry roasted, salted"
269,"Almond, roasted, salted"
13398,"Amaranth, seed, cooked (without addition of fat and salt)"
13397,"Amaranth, seed, raw"
868,Amaretti (Almond cookie)
10532,Anchovis paste
554,"Appenzeller, at least 15% fidm"
553,"Appenzeller, at least 45% fidm"
568,Apple juice
1480,"Apple pie, home-made, baked (with cake dough)"
1479,"Apple pie, home-made, baked (with puff pastry)"
378,"Apple, fresh"
435,"Apple, peeled, dried"
1049,"Apple, stewed, drained (without addition of sugar)"
627,"Applesauce, sweetened, canned"
628,"Applesauce, unsweetened, canned"
1482,"Apricot pie, home-made, baked (with cake dough)"
1481,"Apricot pie, home-made, baked (with puff pastry)"
469,"Apricot, dried"
621,"Apricot, in syrup, canned, drained"
379,"Apricot, raw"
1051,"Apricot, stewed, drained (without addition of sugar) "
14097,"Apricot, with sweetener, canned, drained"
13449,"Artichoke, heart, canned, drained"
443,"Asparagus, raw"
1024,"Asparagus, steamed (without addition of salt)"
380,"Avocado, fresh"
704,Bacon for cooking
707,"Bacon, raw"
845,Baguette
13455,Balsamic vinegar
1577,"Bami Goreng, prepared"
741,"Banana, dried"
740,"Banana, dried (banana chips)"
381,"Banana, raw"
739,Barley flakes
1587,"Barley risotto, cooked"
464,"Basil, raw"
1248,Basler Leckerli (Swiss biscuit from Basel)
473,"Bean, green, dried"
353,"Bean, green, raw"
12981,"Béchamel sauce, home-made"
1103,"Beef (average excluding offal, chop), raw"
1672,"Beef ragout with sauce, prepared"
13292,"Beef, boiling meat lean, cooked (without addition of fat and salt)"
13291,"Beef, boiling meat with fat, cooked (without addition of fat and salt)"
36,"Beef, boiling meat, lean, raw"
35,"Beef, boiling meat, with fat, raw"
1072,"Beef, breast, cooked (without addition of fat and salt)"
719,"Beef, breast, raw"
37,"Beef, chopped, raw"
13258,"Beef, entrcôte, steak, pan fried ""medium"" (without addition of fat and salt)"
30,"Beef, entrecôte, steak, raw"
34,"Beef, eye of round, raw"
13262,"Beef, Filet, fried in oven ""medium"" (without addition of fat and salt)"
639,"Beef, filet, raw"
657,"Beef, liver, raw"
13297,"Beef, minced, pan fried (without addition of fat and salt)"
6,"Beef, minced, raw"
32,"Beef, prime rib, raw"
648,"Beef, ragout (goulash), raw"
38,"Beef, ragout, raw"
701,"Beef, rib, raw"
640,"Beef, round, schnitzel, raw"
638,"Beef, shoulder (roast), raw"
1075,"Beef, shoulder, medium roast in oven (without addition of fat and salt)"
1074,"Beef, shoulder, rare roast in oven (without addition of fat and salt)"
1076,"Beef, shoulder, well done roast in oven (without addition of fat and salt)"
656,"Beef, tongue, raw"
1183,Beer shandy (average)
817,"Beer, five grain"
816,"Beer, lager"
13420,"Beer, non-alcoholic"
451,"Beetroot, raw"
1019,"Beetroot, steamed (without addition of salt)"
359,"Bell pepper, green, raw"
1017,"Bell pepper, green, stewed (without addition of fat and salt)"
360,"Bell pepper, red, raw"
1018,"Bell pepper, red, stewed (without addition of fat and salt)"
851,Berliner pastry
1211,Bernese alp cheese
1212,Bernese cheese for slicing
790,Bernese tongue sausage
1122,"Berries (average), cooked (without addition of sugar)"
1119,"Berries (average), raw"
859,Biber (Filled ginger bread type)
789,"Bierwurst (coarse heat-treated, cured & smoked sausage, beef and pork)"
1198,"Birchermüesli, prepared (no sugar added)"
862,"Birnenweggen, pastry with pear"
883,Black forest cake
778,Black pudding
452,"Black salsify, raw"
1023,"Black salsify, steamed (without addition of salt)"
1485,"Blackberry pie, home-made (with sweet short pastry base)"
1596,"Blackberry pie, home-made, baked (with cake dough)"
1594,"Blackberry pie, home-made, baked (with puff pastry)"
383,"Blackberry, fresh"
604,"Blanc battu with fruits, with sweetener"
13395,"Blanc battu, plain, low fat"
1191,Blue cheese (average)
14101,"Blueberry, freeze-dried"
389,"Blueberry, raw"
1697,"Boiling meat salad, prepared"
668,"Bouillon, meat, prepared"
665,"Bouillon, poultry, prepared"
664,"Bouillon, vegetable, prepared"
1460,"Braided bread, wholemeal, made with butter"
820,Braided white bread made with butter
279,Brazil nut
10446,Bread (average)
14109,"Bread for toasting, dark or multigrain"
827,"Bread for toasting, white, made with butter"
826,"Bread for toasting, white, made with vegetable oil"
825,"Bread for toasting, wholemeal"
842,Bread roll (semi white)
843,Bread roll from St. Gallen (semi white)
14038,Bread roll with chocolate
844,"Bread roll, white"
831,Bread with walnuts
750,Breadcrumbs
705,Bresaola (cured beef)
613,"Brie, at least 45% fidm"
616,"Brie, at least 50% fidm"
351,"Broccoli, raw"
1005,"Broccoli, steamed (without addition of salt)"
829,Brown bread
14077,Brown bread (with iodized salt)
864,Brunsli (chocolate cookie)
1021,"Brussel sprouts, steamed (without addition of salt)"
363,"Brussels sprouts, raw"
420,Buckwheat flour
421,"Buckwheat, grain peeled"
1583,"Burger patty (beef), pan fried in HOLL rapeseed oil"
901,Butter cake
836,"Butter croissant, white"
834,"Butter croissant, wholemeal"
49,Butter of choice
191,"Butter, 40% fat"
60,"Butter, cheese dairy"
50,"Butter, clarified"
448,"Butterhead lettuce, raw"
529,Buttermilk
781,Cabbage sausage
10582,"Cabbage vegetables (average), boiled (without addition of salt and fat)"
1167,"Cabbage vegetables (average), raw"
1176,"Cake dough (with butter), raw"
906,"Cake dough (with vegetable fat), raw"
13417,"Cake dough, whole (with butter), raw"
13416,"Cake dough, whole (with vegetable fat), raw"
877,Cake financier
916,Cake with carrots
10486,Calimocho (red wine mixed with cola)
622,"Camembert, at least 25% fidm"
614,"Camembert, at least 45% fidm"
619,"Camembert, at least 50% fidm"
856,Candied lemon peel
855,Candied orange peel
953,"Candy, toffee"
1644,"Cannelloni filled with meat, prepared"
1646,"Cannelloni filled with spinach and ricotta, prepared"
1121,"Cappuccino (without chocolate powder), no sugar added"
1692,"Capuns, prepared"
14060,Carnival pastry
566,Carrot juice
355,"Carrot, raw"
1002,"Carrot, steamed (without addition of salt)"
275,Cashew nut
350,"Cauliflower, raw"
1004,"Cauliflower, steamed (without addition of salt)"
1660,"Celeriac piccata, prepared"
1655,"Celeriac slices, breaded, prepared"
357,"Celeriac, raw"
1013,"Celeriac, steamed"
366,"Celery, raw"
1026,"Celery, steamed (without addition of salt)"
13448,"Cereal bar, with chocolate coating"
13488,"Cereal bar, without cover and filling"
1696,Cereal flakes (average)
1081,Cervelat (Swiss sausage)
376,"Chanterelle, raw"
1038,"Chanterelle, stewed (without addition of fat and salt)"
1569,"Cheese and sausage salad, prepared"
1601,"Cheese bread slices, prepared"
1196,Cheese grated
14024,Cheeseburger
882,Cherry pie from Zug
1546,"Cherry pie, home-made, baked (with cake dough)"
1545,"Cherry pie, home-made, baked (with puff pastry)"
394,"Cherry, raw"
1052,"Cherry, stewed, drained (without addition of sugar)"
272,"Chestnut, raw"
13457,Chia seed
1070,"Chicken egg, whole, hard boiled"
20,"Chicken, breast, with skin, raw"
22,"Chicken, breast, without skin, raw"
13276,"Chicken, brest (schnitzel, ground), pan fried (without addition of fat and salt)"
13310,"Chicken, leg with skin, roasted (without addition of fat and salt)"
24,"Chicken, leg, with skin, raw"
26,"Chicken, leg, without skin, raw"
13309,"Chicken, whole with skin, roasted (without addition of fat and salt)"
711,"Chicken, whole, with skin, raw"
13460,Chickenburger
1059,"Chickpea, cooked (without addition of fat and salt)"
439,"Chickpea, dried"
447,"Chicory, raw"
1006,"Chicory, steamed (without addition of salt)"
1648,"Chili con carne, prepared"
437,"Chinese cabbage, raw"
1007,"Chinese cabbage, stewed (without addition of fat and salt)"
374,"Chives, fresh"
14035,Chocolate meringues
14039,Chocolate meringues with chocolate base
960,Chocolate powder
889,Chocolate ring cake
807,Chocolate sauce
196,"Chocolate, dark"
197,"Chocolate, white"
13322,"chop (average of veal, pork, lamb), pan fried (without addition of fat and salt)"
1107,"Chop (average of veal, pork, lamb), raw"
867,Chräbeli (aniseed cookie)
512,"Cider, 4 vol%"
513,"Cider, 6.2 vol%"
911,Cinnamon
876,"Cinnamon cookie, star-shaped"
1126,"Citrus fruits (average), raw"
1683,"Cocktail sauce, with rapeseed mayonnaise, home-made"
888,Coco macaroon
581,Cocoa powder
284,Coconut
14124,"Coconut drink, plain"
14132,"Coconut drink, plain, with calcium and vitamin fortified"
601,Coconut fat
13458,Coconut milk
742,"Coconut, dried (coco flakes)"
13350,"Cod, filet, steamed (without addition of fat and salt)"
285,"Cod, raw"
69,Coffee cream UHT
1188,"Coffee with coffee cream, no sugar added"
994,"Coffee, black, no sugar added"
983,"Coffee, instant, powder"
498,"Cola beverage, sweetened"
499,"Cola beverage, with sweetener"
10353,Cold cuts (average)
1573,"Coleslaw salad, prepared"
13388,"Common bean (all types), mature seed, cooked (without addition of fat and salt)"
13387,"Common bean (all types), mature seed, dried"
526,"Condensed milk, sweetened"
527,"Condensed milk, unsweetened"
1118,Cooked cured meat (average)
1116,Cooked sausages (average)
1113,Cooked sausages not smoked (average)
1112,Cooked smoked sausages (average)
51,Cooking butter
715,Coppa (cured pork meat)
1650,"Cordon bleu from pork schnitzel, fried"
1649,"Cordon bleu from veal schnitzel, fried"
412,Corn germ oil
1619,"Corn semolina, cooked"
425,"Corn semolina, dried"
940,Cornflakes
758,Cotechino (pork sausage)
505,Cottage cheese
1093,Cotto (meat product)
64,"Cow milk, skimmed, UHT"
950,"Cracker, salty snacks"
987,"Cranberry, fresh"
1195,Cream (average)
567,"Cream cheese, min. 60% fidm"
924,Cream slice
65,"Cream, 35% fat, pasteurized"
66,"Cream, 35% fat, UHT"
798,"Cream, at least 45 % milk fat, pasteurized"
67,"Cream, pasteurized, 25% fat"
68,"Cream, UHT"
918,"Crispbread, wholemeal"
920,"Crispbread, wholemeal, with linseeds"
919,"Crispbread, wholemeal, with sesame"
10406,Croissant (average)
913,"Croissant filled with nuts, puff pastry"
914,"Croissant filled with nuts, yeast dough"
835,"Croissant, pretzel (with iodized salt)"
14056,"Croque Monsieur, Hot Sandwich with cheese and ham"
491,"Cucumber, pickled"
354,"Cucumber, raw"
1182,"Curd cheese puff pastry (with butter), raw"
1181,"Curd cheese puff pastry (with vegetable fat), raw"
13501,"Curd, with fruits, with sugar"
70,Curds min. 40% fidm
71,Curds with at most 10% fidm
571,"Curds, plain, half fat"
392,"Currant, black, raw"
391,"Currant, red, raw"
384,"Date, dried"
487,"Deer (average), raw"
12,"Deer, entrecôte, raw"
13419,Dough for french pizza from Alsace
709,"Dried meat (Hobel-, Bündner-, Walliser-, Tessiner- dried meat)"
47,Drinking water (average Switzerland)
10535,Dulce de Leche
423,Durum wheat semolina
455,"Edible boletus, fresh"
1040,"Edible boletus, stewed (without addition of fat and salt)"
517,"Egg liqueur, 16.5 vol%"
411,"Egg white, raw"
410,"Egg yolk, raw"
290,"Egg, raw"
1659,"Eggplant piccata, prepared"
1658,"Eggplant slices, breaded, prepared"
349,"Eggplant, raw"
1653,"Eggplant, steamed (without addition of salt)"
1003,"Eggplant, stewed (without addition of fat and salt)"
436,"Elderberry, raw"
555,"Emmentaler cheese, at least 45% fidm"
467,"Endive, raw"
13465,"Energy drink, with sugar"
14052,"Escalope (average of beef, veal, pork, poultry), breaded, fried"
13319,"Escalope (average of beef, veal, pork, poultry), pan fried (without addition of fat and salt)"
1101,"Escalope (average of beef, veal, pork, poultry), raw"
1190,"Espresso with coffee cream, no sugar added"
765,"Eurasian perch, raw"
13384,Ewe's milk
14066,Falafel (deep fried in HOLL rapeseed oil)
1268,Farmers' bread
352,"Fennel, raw"
1008,"Fennel, steamed (without addition of salt)"
1269,Fermented dough
539,"Feta, cow milk"
549,"Feta, ewe-/goat milk"
387,"Fig, dried"
386,"Fig, fresh"
13345,"Fish (average), filet, steamed (without addition of fat and salt)"
1098,"Fish (average), raw "
773,"Fish fingers (sticks), breaded and pre deep fried"
1168,"Fish fingers/sticks (breaded and pre deep fried), fried in HOLL rapeseed oil"
1169,"Fish fingers/sticks (breaded and pre deep fried), oven baked (without addition of fat)"
414,"Fish product, anchovy in oil, drained"
413,"Fish product, sardine in oil, drained"
760,"Fish, hake, raw"
415,"Fish, plaice, raw"
754,"Fish, pollock, raw"
757,"Fish, sardine, raw"
755,"Fish, sole, raw"
756,"Fish, tuna, raw"
13461,Fishburger
1185,"Flat white (little milk), no sugar added"
1186,"Flat white (much milk), no sugar added"
1187,"Flat white, no sugar added"
13405,"Flaxseed oil, cold pressed"
13351,"Flounder, filet, steamed (without addition of fat and Salt)"
481,"Flounder, raw"
1135,Flour (average)
1524,"Flour omelette filled with mushrooms, prepared"
1525,"Flour omelette filled with vegetables, prepared"
1527,"Flour omelette with bacon, prepared"
1523,"Flour omelette with cheese, prepared"
1526,"Flour omelette with ham, prepared"
1695,"Flour omelette with Nutella, prepared"
1694,"Flour omelette with sugar and cinnamon, prepared"
1522,"Flour omelette, prepared"
1136,"Flour, white and semi-white (average)"
1475,"Fondue moitié-moitié, prepared"
1476,"Fondue without alcohol, prepared"
797,"Fondue, prepared"
10450,"French fries (baked in the oven), unsalted"
10449,"French fries (deep fried in HO sunflower oil), unsalted"
818,"French fries for oven, deep-frozen"
1503,"French omelette with bacon, prepared"
1502,"French omelette with cheese, prepared"
1501,"French omelette with ham, prepared"
1500,"French omelette, prepared"
1504,"French pizza from Alsace, baked"
1515,French toast unsweetened
1120,"Fruit (average), dried"
775,"Fruit cocktail, in syrup, canned, drained"
777,"Fruit cocktail, with sweetener, canned, drained"
1130,"Fruit juice (average), no sugar added"
1131,"Fruit juice diluted (average, 60% juice - 40% water), no sugar added"
10456,Fruit pie (average)
10454,Fruit pie with cake dough (average)
10453,Fruit pie with puff pastry (average)
10455,Fruit pie with sweet short pastry base (average)
1124,"Fruits (average), cooked (without addition of sugar)"
1123,"Fruits, raw (average)"
13281,"Game meat (average), cooked (without addition of fat and Salt)"
1125,"Game meat (average), raw"
356,"Garlic, raw"
768,Glucose
687,"Goat (average), raw"
528,Goat milk
400,"Gooseberry, raw"
483,Gorgonzola
684,Goulash soup
573,Grape juice
592,Grape seed oil
478,"Grape, green, fresh"
388,"Grapefruit (white or red), raw"
669,Graubünden barley soup
651,"Gravy, brown"
650,"Gravy, thickened"
14068,"Green bean, dried, soaked, steamed (without addition of salt)"
1009,"Green bean, steamed (without addition of salt)"
369,"Green pea, raw"
1010,"Green pea, steamed (without addition of salt)"
1011,"Green peas (canned), heated (without addition of salt)"
1034,"Green peas and carrots (canned), heated (without addition of salt)"
815,"Green peas and carrots, canned"
630,"Green peas, canned"
530,"Greyerzer, at least 45% fidm"
1272,Grittibänz (Swiss bread man)
653,Ground meat sauce
753,"Halibut, raw"
13446,Ham croissant
691,"Ham, cooked"
693,"Ham, raw"
14025,"Hamburger, double"
1193,"Hard and semi hard cheese, full fat (average)"
952,Hard caramels
13329,"Hare (Durchschnitt), cooked (without addition of fat and salt)"
16,"Hare, filet, raw"
486,"Hare, fresh"
686,"Hare, meat, raw"
270,Hazelnut
703,Hazelnut-chocolate spread
903,Hazelnut cookie
869,Hazelnut macaroon
14108,Hazelnut oil
14091,Hempseed oil
666,Hollandaise sauce
472,"Honey, from flowers"
1670,"Horse ragout with sauce, prepared"
13328,"Horse, filet, pan fried (without addition of fat and salt)"
685,"Horse, filet, raw"
1590,Hot Dog in white bread with ketchup and mustard
14055,Hummus
652,Huntsman sauce
694,"Ice cream, dairy, fruit"
804,"Ice Tea, sweetened"
459,"Iceberg lettuce, raw"
696,Jam
697,"Jam, low calorie, with sweetener"
951,Jelly babies with fruit essence
13442,"Jerusalem artichoke, cooked (without addition of salt)"
13441,"Jerusalem artichoke, raw"
583,Kakaobutter
393,"Kaki, raw"
13400,"Kale, raw"
13401,"Kale, stewed (without addition of salt and fat)"
1572,Kebab in pita bread
635,Ketchup
395,"Kiwi fruit, raw"
449,"Kohlrabi, raw"
1014,"Kohlrabi, steamed (without addition of salt)"
852,Ladyfinger cookie
372,"Lamb's lettuce, raw"
1110,"Lamb (average excluding offal, chop), raw"
5,"Lamb (sheep), cutlet, raw (Switzerland)"
13273,"lamb (sheep), filet, pan fried ""medium"" (without addition of fat and salt)"
675,"Lamb (sheep), filet, raw"
17,"Lamb (sheep), filet, raw (Australia, New Zealand)"
4,"Lamb (sheep), leg, raw (Switzerland, New Zealand)"
18,"Lamb (sheep), racks, raw (Australia, New Zealand)"
1673,"Lamb ragout with sauce, prepared"
13304,"Lamb, leg, roast (without addition of fat and salt)"
19,"Lamb, ragout, raw (Switzerland)"
1090,Landjäger sausage
1184,"Latte macchiato, no sugar added"
1127,"Leafy salad (average), raw "
1164,"Leafy vegetables (average excluding salads), boiled (without addition of salt and fat)"
1165,"Leafy vegetables (average excluding salads), steamed (without addition of salt)"
1166,"Leafy vegetables (average excluding salads), stewed (without addition of salt and fat)"
880,Lebkuchen
993,"Lebkuchen, chocolate covered"
358,"Leek, raw"
1015,"Leek, stewed (without addition of fat and salt)"
1134,"Legumes/Pulses (average), cooked (without addition of fat and salt)"
1133,"Legumes/Pulses, (average) dried"
10534,Lemon Curd
605,Lemon juice
398,"Lemon, fresh"
13386,"Lentil, split, cooked (without addition of fat and salt)"
13385,"Lentil, split, dried"
1060,"Lentil, whole, cooked (without addition of fat and salt)"
370,"Lentil, whole, dried"
531,Limburger (Münster) cheese
277,Linseed
900,Linzertorte (Pastry base covered with raspberry sweetmeat)
13320,"Liver (average of beef, veal, pork), pan fried (without addition of fat and salt)"
10377,"Liver (average of beef, veal, pork), raw"
776,Liver sausage
786,Luganighe
1084,Luncheon meat
832,Lye roll (with iodized salt)
1083,Lyoner sausage
1092,Lyoner sausage (poultry)
1478,"Macaroni from the alps, prepared"
878,Madeleine biscuit (with butter)
14117,Madeleine biscuit (with vegetable oil)
426,Maize starch
13434,"Malt drink with cocoa, with vitamin and mineral fortified, powder "
14050,"Malt drink with cocoa, with vitamin and mineral fortified, prepared (with milk)"
397,"Mandarin, fresh"
13884,"Mango, dried"
396,"Mango, fresh"
14054,"Manioc, tuber, cooked (without addition of salt)"
13918,"Manioc, tuber, raw"
14093,Maple syrup
898,Marble cake
209,"Margarine, 35 - 40 % fat"
208,"Margarine, without butter, 70 - 80 % Fett"
496,Marzipan
866,"Mashed potatoes, instant, prepared (with water and butter)"
1519,"Mashed potatoes, prepared (with cream and butter)"
863,"Mashed potatoes, prepared (with full fat milk and butter)"
1518,"Mashed potatoes, prepared (with partially skimmed milk and butter)"
771,Mayonnaise
772,"Mayonnaise, low calorie"
1682,"Mayonnaise, with rapeseed oil, home-made"
1111,"Meat (average excluding offal), raw "
1664,"Meat lasagne, prepared"
1582,"Meat loaf, baked in the oven"
13318,"Meat, chopped (average of beef, veal, pork, poultry), pan fried (without addition of fat and salt)"
1104,"Meat, chopped (average of beef, veal, pork, poultry), raw"
399,"Melon, cantaloupe, raw"
854,"Meringue, biscuit"
879,"Milanese cookie, butter, sweet"
1194,Milk (average)
195,Milk chocolate
642,Milk chocolate filled with nuts (chocolate bar)
643,"Milk chocolate with almond, honey, nougat"
612,Milk chocolate with nuts
641,"Milk chocolate with raisins, nuts, almonds"
654,"Milk chocolate, filled with alcohol"
655,"Milk chocolate, filled with cream (gianduja, nougat)"
59,"Milk partially skimmed, pasteurized"
61,"Milk partially skimmed, UHT"
13399,"Milk, half skimmed 1.5 % fat, UHT"
1586,"Millet risotto, cooked"
422,"Millet, grain peeled"
938,"Millet, wholemeal flakes"
13317,"Minced meat (average of beef, veal, pork, chicken), pan fried (without addition of fat and salt)"
1105,"Minced meat (average of beef, veal, pork, chicken), raw"
671,Minestrone
1087,Minipic sausage
1053,"Mirabelle plum, stewed, drained (without addition of sugar)"
732,Molasses
761,"Molluscs, blue mussel, raw"
457,"Morel, fresh"
1039,"Morel, stewed (without addition of fat and salt)"
819,Mortadella
717,"Mostbröckli (smoked and dried beef), raw"
82,Mozzarella
14123,"Muesli mix, crunchy, fortified with vitamin and mineral"
942,"Mueslimix, cereal with fruits and nuts, sweetened "
943,"Müeslimix, cereal with fruits and nuts, unsweetened"
14104,"Müeslimix, crunchy, sweetened (average) "
948,"Mueslimix, crunchy, with chocolate"
945,"Mueslimix, crunchy, with fruits, sweetened "
944,"Mueslimix, crunchy, with nuts and seeds, sweetened "
1128,"Mushroom (average), raw"
1129,"Mushroom (average), stewed (without addition of fat and salt)"
1585,"Mushroom risotto, prepared"
683,"Mushroom sauce, thickened"
688,Mushroom soup
629,"Mushroom, canned"
375,"Mushroom, raw"
1037,"Mushroom, stewed (without addition of fat and salt)"
13464,Mustard
1579,"Nasi Goreng, prepared"
404,"Nectarine, fresh"
767,"Norway lobster, raw"
915,Nut roll with yeast dough
871,Nut sticks
902,Nut tart from Engadin
769,"Oat bran, raw"
14114,"Oat drink, plain"
14130,"Oat drink, plain, with calcium and vitamin fortified"
198,Oat flakes
591,Olive oil
493,"Olive, black"
492,"Olive, green, in brine, drained"
10545,"Olives stuffed with minced meat, deep-fried"
1616,"Onion quiche, baked (with cake dough)"
1615,"Onion quiche, baked (with puff pastry)"
368,"Onion, raw"
1036,"Onion, roasted, brown (without addition of fat and salt)"
1035,"Onion, stewed (without addition of fat and salt)"
576,Orange juice
572,Orange nectar
405,"Orange, fresh"
708,"Palm oil, palm fat"
716,Pancetta
202,Panettone
779,"Pantli, beef and pork sausage"
13440,"Papaya, ripe, raw"
663,Paprika (spice)
482,Parmesan cheese
373,"Parsley, fresh"
13443,"Parsnip, cooked (without addition of salt)"
13439,"Parsnip, raw"
986,"Passion fruit, fresh"
1063,"Pasta egg-free, cooked in salted water (uniodised)"
800,"Pasta egg-free, dry"
1611,"Pasta gratin with ham, prepared"
1598,Pasta salad with French dressing
1597,Pasta salat with Italian dressing
1062,"Pasta with egg, cooked in salted water (uniodised)"
799,"Pasta with egg, dry"
13462,"Pasta, fresh, filled with meat, cooked"
13498,"Pasta, fresh, filled with spinach and ricotta, cooked (without addition of fat and salt)"
13489,"Pasta, fresh, filled with spinach and ricotta, raw"
13390,"Pea, mature seed, split, cooked (wothout addition of fat and salt)"
13389,"Pea, mature seed, split, dried"
624,"Peach, in syrup, canned, drained"
625,"Peach, with sweetener, canned, drained"
401,"Peach, yellow, fresh"
282,Peanut
751,Peanut butter
681,Peanut curls
596,Peanut oil
14092,"Peanut, roasted, salted"
562,Pear juice
1484,"Pear pie, home-made, baked (with cake dough)"
1483,"Pear pie, home-made, baked (with puff pastry)"
433,"Pear, dried"
620,"Pear, in syrup, canned, drained"
382,"Pear, raw"
1050,"Pear, stewed, drained (without addition of sugar)"
14098,"Pear, with sweetener, canned, drained"
429,Pearl barley
494,"Pearl onion, pickled"
787,Peasant's Schüblig
884,"Peiti Beurre with chocolate, cookie"
463,"Peppermint, fresh"
13459,"Pesto sauce, green"
13447,"Pesto sauce, red"
14074,"Petit Beurre, cookie"
14067,"Petit beurre, wholemeal cookie"
416,"Pike, raw"
283,Pine nuts
13880,Pineapple juice
377,"Pineapple, fresh"
14094,"Pineapple, in pineapple juice, canned, drained"
14095,"Pineapple, in pineapple juice, canned, not drained"
617,"Pineapple, in syrup, canned, drained"
14096,"Pineapple, with sweetener, canned, drained"
274,"Pistachio, dried"
1533,"Pizza Calzone, baked"
907,"Pizza doug ( with olive oil), raw"
1534,"Pizza Hawaii, baked"
1535,"Pizza Margherita, baked"
1539,"Pizza with four cheeses, baked"
1537,"Pizza with ham and mushrooms, baked"
1538,"Pizza with ham, baked"
1536,"Pizza with mascarpone and rocket, baked"
1532,"Pizza with tuna, baked"
1540,"Pizza with vegetables, baked"
1530,"Plum pie, home-made, baked (with cake dough)"
1528,"Plum pie, home-made, baked (with puff pastry)"
474,"Plum, fresh"
1054,"Plum, stewed, drained (without addition of sugar)"
10546,"Polenta nera (made from corn semolina and buckwheat flour,) cooked"
13882,"Pomegranate, raw"
12982,Pommes Chips
424,Popcorn
1668,"Porc piccata, prepared"
1102,"Pork (average excluding offal, chop, knuckle), raw"
594,Pork lard
1671,"Pork ragout with sauce, prepared"
1085,Pork sausage (Schweinsbratwurst)
1086,Pork sausage (Schweinswurst)
14089,"Pork sausage, grilled (without addition of fat and salt)"
13283,"Pork, chop, pan fried (without addition of fat and salt)"
8,"Pork, chop, raw"
13285,"Pork, chopped, pan fried (without addition of fat and salt)"
40,"Pork, chopped, raw"
1077,"Pork, chuck, medium, roast in oven (without addition of fat and salt)"
676,"Pork, chuck, roast, raw"
1079,"Pork, chuck, well done, roast in oven (without addition of fat and salt)"
43,"Pork, eye of round, raw"
13269,"Pork, filet, pan fried (without addition of fat and salt)"
677,"Pork, filet, raw1"
692,"Pork, ham from shoulder, cooked"
13289,"Pork, knuckle, braised (without addition of fat and salt)"
678,"Pork, knuckle, raw"
689,"Pork, liver, raw"
42,"Pork, loin, raw"
7,"Pork, minced, raw"
9,"Pork, ragout, raw"
13270,"Pork, round, schnitzel, pan fried (without addition of fat and salt)"
679,"Pork, round, schnitzel, raw"
39,"Pork, spare ribs, raw"
13284,"Pork, throat, pan fried (without addition of fat and salt)"
41,"Pork, throat, raw"
1511,"Porridge, prepared (with full fat milk, without addition of sugar)"
1512,"Porridge, prepared (with partially skimmed milk, without addition of sugar)"
516,"Port, 18.5 vol%"
12983,Potato chips fat reduced
860,"Potato flakes, with milk powder and salt (instant mashed potatoes)"
1516,Potato salad with mayonnaise yogurt dressing
1517,Potato salad with oil and vinagre dressing
497,Potato starch
813,"Potato, peeled, raw"
1057,"Potatoe, peeled, steamed (without addition of salt)"
1599,"Potatoes au gratin ""dauphinois"", prepared"
1600,"Potatoes au gratin ""savoyard"", prepared"
1100,"Poultry (average excluding offal), raw"
1109,"Poultry with skin (average), raw"
1108,"Poultry without skin (average excluding offal), raw"
947,Pretzel sticks (dry lye pretzel)
558,"Processed cheese, 15% fidm, slice"
560,"Processed cheese, 15% fidm, spreadable"
559,"Processed cheese, 45% fidm, slice"
561,"Processed cheese, 45% fidm, spreadable"
563,"Processed cheese, 50% fidm, slice"
565,"Processed cheese, 50% fidm, spreadable"
1531,"Prune plum pie, home-made, baked (with cake dough)"
1529,"Prune plum pie, home-made, baked (with puff pastry)"
479,"Prune plum, fresh"
1056,"Prune plum, stewed, drained (without addition of sugar)"
475,"Prune, dried"
874,Prussian cookie
806,"Pudding, caramel"
810,"Pudding, chocolate"
809,"Pudding, vanilla"
13445,"Puff pastry (with vegetable fat), raw"
928,Puff pastry sticks
904,"Puff pastry, home-made (with butter), raw"
905,"Puff pastry, home-made (with vegetable fat), raw"
1662,"Pumpkin piccata, prepared"
13404,Pumpkin seed oil
276,Pumpkin seeds
480,"Pumpkin, raw"
1020,"Pumpkin, steamed (without addition of salt)"
1541,"Quiche Lorraine, baked (with cake dough)"
1542,"Quiche Lorraine, baked (with puff pastry)"
1055,"Quince, cooked, drained (without addition of sugar)"
476,"Quince, fresh"
13396,"Quinoa, cooked (without addition of salt and fat)"
13394,"Quinoa, raw"
532,Raclette cheese
458,"Radicchio red, raw"
361,"Radish, raw"
456,"Radish, red, raw"
477,"Raisins, dried (grape)/ sultanas"
600,Rapeseed oil
1069,"Rapeseed oil HOLL (high oleic, low linolenic)"
917,Rascal (Shortbread cookie with jam)
390,"Raspberry, raw"
1665,"Ratatouille, prepared"
1117,Raw cured meat raw (average)
1114,Raw sausages (average)
1115,Raw sausages with interrupted maturation (average)
533,Reblochon cheese
364,"Red cabbage, raw"
1022,"Red cabbage, stewed (without addition of fat and salt)"
1592,"Red currant pie, home-made (with sweet short pastry base)"
1595,"Red currant pie, home-made, baked (with cake dough)"
1593,"Red currant pie, home-made, baked (with puff pastry)"
13477,"Rhubarb compote, with sugar"
1547,"Rhubarb pie, baked (with puff pastry)"
1548,"Rhubarb pie, home-made, baked (with cake dough)"
362,"Rhubarb, raw"
13450,"Rice drink, plain"
14133,"Rice drink, plain, with calcium fortified"
1065,"Rice parboiled, cooked in salted water (uniodised)"
419,"Rice parboiled, raw"
1066,"Rice polished, cooked in salted water (uniodised)"
427,"Rice polished, raw"
1514,"Rice pudding, prepared (with full fat milk, without addition of sugar)"
1513,"Rice pudding, prepared (with partially skimmed milk, without addition of sugar)"
428,"Rice unpolished (wholemeal), raw"
1067,"Rice unpolished, cooked in salted water (uniodised)"
1465,Ring cake grandmother style
1584,"Risotto without cheese, prepared"
1189,"Ristretto with coffee cream, no sugar added"
1675,"Riz Casimir with chicken, prepared"
1677,"Riz Casimir with veal, prepared"
468,"Rocket, raw"
488,"Roe (deer) (average), raw"
28,"Roe (deer), ragout, raw"
29,"Roe (deer), schnitzel, raw"
13333,"Rolled smoked ham, cooked (without addition of fat and salt)"
805,Rollmops (pickled herring)
718,"Rollschinken, cured and smoked pork meat"
441,Romaine lettuce (cos lettuce)
1161,"Root and tuber vegetables (average), boiled (without addition of fat and salt)"
1267,"Root and tuber vegetables (average), raw"
1162,"Root and tuber vegetables (average), steamed (without addition of salt)"
1163,"Root and tuber vegetables (average), stewed (without addition of fat and salt)"
484,Roquefort cheese
462,"Rosemary, fresh"
858,"Rosti (shredded potatoes), unprepared"
930,Rusk
929,Rusk wholemeal
1607,"Russian salad, prepared"
824,Rye bread from Valais
846,Rye bread with rye grist
830,Rye bread with sour dough
749,Rye flour (wholemeal) Type 1800
752,Rye flour Type 1050
748,Rye flour Type 815
589,Safflower oil
461,"Sage, raw"
1201,"Salad dressing french style, home-made (with rapeseed oil)"
1200,"Salad dressing italian style, home-made (with olive oil)"
13503,"Salad dressing, french style"
13502,"Salad dressing, italienisch style"
783,Salametti
1091,Salami
1094,"Salami ""budget"" type"
13354,"Salmon, cultured, filet, steamed (without addition of fat and salt)"
194,"Salmon, cultured, raw"
193,"Salmon, smoked"
210,"Salmon, wild, raw"
1089,Salsiz sausage
14088,"Salt, himalaya salt"
14087,"Salt, sea salt, fleur de sel"
14086,"Salt, sea salt, standard, white, without iodine and fluoride added"
1687,"Saltimbocca, pan fried in rapeseed oil HOLL"
10562,"Samosa, deep-fried"
1551,Sandwich (baguette bread) with cold cuts
1553,Sandwich (baguette bread) with dried meat
1557,Sandwich (baguette bread) with ham
1505,Sandwich (baguette bread) with luncheon meat
1561,Sandwich (baguette bread) with mozzarella
1549,Sandwich (baguette bread) with raw ham
1555,Sandwich (baguette bread) with salami
1559,Sandwich (baguette bread) with semi hard cheese
1521,Sandwich (baguette bread) with soft cheese
1552,Sandwich (brown bread) with cold cuts
1554,Sandwich (brown bread) with dried meat
1558,Sandwich (brown bread) with ham
1506,Sandwich (brown bread) with luncheon meat
1562,Sandwich (brown bread) with mozzarella
1550,Sandwich (brown bread) with raw ham
1556,Sandwich (brown bread) with salami
1560,Sandwich (brown bread) with semi hard cheese
1520,Sandwich (brown bread) with soft cheese
780,Saucisson sausage
13341,"Saucisson sausage, cooked (without addition of fat and salt)"
647,"Sauerkraut, pickled"
1568,"Sausage salad, prepared"
1088,Sausage Vaudois
1080,"Sausage, veal"
1543,"Savoury cheese quiche, baked (with cake dough)"
1544,"Savoury cheese quiche, baked (with puff pastry)"
454,"Savoy cabbage, raw"
1030,"Savoy cabbage, steamed (without addition of salt)"
552,Sbrinz
507,Schabziger (Swiss green cheese)
1685,Schnitzel bread with cocktail sauce
1686,Schnitzel bread with tartare sauce
791,Schützenwurst sausage
1603,"Scrambled egg with herbs, prepared"
1605,"Scrambled eggs with cheese, prepared"
1606,"Scrambled eggs with ham, prepared"
1604,"Scrambled eggs with mushrooms, prepared"
1602,"Scrambled eggs, prepared"
13466,"Seaweed, Nori, dried"
1170,"Seeds, kernels, nuts (average), unsalted"
14118,Seitan
833,Semi-white bread
14078,Semi-white bread (with iodized salt)
1463,"Semmeli (bread roll, white)"
1510,"Semolina pudding, prepared (with full fat milk, without addition of sugar)"
1509,"Semolina pudding, prepared (with partially skimmed milk, without addition of sugar)"
1508,"Semolina slice, prepared (with full fat milk)"
1507,"Semolina slice, prepared (with partially skimmed milk)"
14107,Sesame oil
280,Sesame seeds whole
408,"Sesame seeds, peeled"
1099,"Shellfish (average), raw"
515,"Sherry, 18.5 vol%"
875,Short bread cookie (Sablé)
14044,"Short pastry base (with butter), sweet, baked"
14043,"Short pastry base (with butter), sweet, raw"
14045,"Short pastry base (with vegetable fat), sweet, baked"
909,"Short pastry base (with vegetable fat), sweet, raw"
1498,"Shrimp cocktail, prepared"
1497,"Shrimp, boiled"
766,"Shrimp, raw"
578,Skimmed milk powder
954,Soft caramel candies
1197,Soft cheese (average without fat reduced products)
13391,"Soft cheese, 45 to 54.9% fidm"
631,"Soft cheese, 60% fidm"
13392,"Soft cheese, at least 55% fidm"
485,"Soft cheese, Mascarpone"
595,"Soft drink, with flavor, sweetened"
10561,"Somosa, baked"
892,"Sorbet, fruit"
574,Sour cream (crème fraîche) 35% fat
575,Sour cream 15% fat
13456,Soy sauce
72,"Soya drink, plain"
14129,"Soya drink, plain, with calcium and vitamin fortified"
996,"Soya flour, defatted"
995,"Soya flour, full fat"
603,Soybean oil
466,Soybean sprouts
1061,"Soybean, cooked (without addition of fat and salt)"
442,"Soybean, dried"
551,"Sparkling wine, champagne"
1399,Spätzle flour
1043,"Spelt, fine flour (type 550)"
1041,"Spelt, flour ""Ruch"" (type 1100)"
1042,"Spelt, wholemeal flour (type 1900)"
1566,"Spinach quiche, baked (with cake dough)"
1567,"Spinach quiche, baked (with puff pastry)"
365,"Spinach, raw"
1025,"Spinach, steamed (without addition of salt)"
646,"Spirits, 40 vol% (e.g. Vodka, gin)"
518,"Spirits, grain, 40% vol (e.g. whisky)"
644,"Spirits, Kirsch, Cherry Schnaps"
520,"Spirits, sugar cane (e.g. rum)"
519,"Spirits, wine (e.g. cognac, brandy)"
14061,"Spring roll, deep fried"
1656,"Squash slices, breaded, prepared"
764,"Squid, raw"
792,St. Gall Schüblig sausage
570,St. Paulin cheese
385,"Strawberry, fresh"
13418,"Strudel dough, raw"
465,"Sugar loaf chicory, raw"
438,"Sugar pea, raw"
1012,"Sugar pea, steamed (without addition of salt)"
471,"Sugar, brown"
470,"Sugar, white"
598,Sunflower oil
1068,"Sunflower oil HO (high oleic), refined"
281,Sunflower seeds
770,Surimi
1033,"Sweet corn (canned), heated (without addition of salt)"
632,Sweet corn canned
633,"Sweet corn cob, pickled"
432,"Sweet corn, raw"
1032,"Sweet corn, steamed"
13406,"Sweet potato, raw"
13407,"Sweet potato, steamed (without addition of salt)"
602,Sweet whey
450,"Swiss chard, raw"
1016,"Swiss chard, steamed (without addition of salt)"
569,Syrup undiluted
1132,"Syrup, ready to drink (dilution 1:5.5)"
762,Table salt iodized
10457,Table salt iodized and fluoridized
634,Table salt without iodine and fluoride
1609,"Taboulé, prepared (with Bulgur)"
1610,"Taboulé, prepared (with Couscous)"
1684,"Tartare sauce, with rapeseed mayonnaise, home-made "
803,"Tea, no sugar added"
774,Terrine de campagne
796,"Terrine, game meat"
495,Tête de Moine
1496,"Thin pancakes with bacon, prepared"
1489,"Thin pancakes with camembert cheese, prepared"
1495,"Thin pancakes with ham, prepared"
1491,"Thin pancakes with mushrooms, prepared"
1494,"Thin pancakes with Nutella, prepared"
1488,"Thin pancakes with sugar and cinnamon, prepared"
1493,"Thin pancakes with vegetable filling, prepared"
1487,"Thin pancakes, prepared"
460,"Thyme, fresh"
556,"Tilsiter, pasteurized milk, at least 45% fidm"
557,"Tilsiter, raw milk, at least 45% fidm"
14120,"Tofu ferm, plain (produced with calcium salt)"
14119,"Tofu, ferm, plain (produced with nigari)"
13437,"Tofu, firm, plain (average)"
13438,"Tofu, silken (soft), plain"
14090,"Tofu, smoked (average)"
14122,"Tofu, smoked (produced with calcium salt)"
14121,"Tofu, smoked (produced with nigari)"
564,Tomato juice
636,Tomato paste
1618,"Tomato quiche, baked (with cake dough)"
1617,"Tomato quiche, baked (with puff pastry)"
667,Tomato sauce
670,Tomato soup
13463,"Tomato, dried"
637,"Tomato, peeled (pelati), canned"
348,"Tomato, raw"
1027,"Tomato, stewed (without addition of fat and salt)"
615,Tomme cheese
10378,"Tongue (average of veal and beef), raw"
932,"Tortilla chips, corn-based"
289,"Trout, raw"
13349,"Trout, whole, boiled (without addition of fat and salt)"
418,"Tuna in oil, drained"
417,"Tuna in water, drained"
1613,Tuna salad on oil-vinagre-dressing (made from tuna in water)
713,"Turkey, breast (schnitzel, ground), raw"
13275,"Turkey, brest, schnitzel, ground, pan fried (without addition of fat and salt)"
887,Tyrolese cake
536,Vacherin Fribourgeois
534,Vacherin Mont d'or
13413,"Vanille cream, home-made, cooked"
1106,"Veal (average excluding offal, chop), raw"
1667,"Veal piccata, prepared"
1669,"Veal ragout with gravy, prepared"
13316,"Veal schnitzel, pan fried (without addition of fat and salt)"
1681,"Veal schnitzel, pan fried in rapeseed oil HOLL"
1071,"Veal, breast, cooked (without addition of fat and salt)"
1,"Veal, breast, raw"
2,"Veal, chop, raw"
13325,"Veal, chopped, pan fried  (without addition of fat and salt)"
13,"Veal, chopped, raw"
14,"Veal, eye of round, raw"
660,"Veal, filet, raw"
3,"Veal, filet, steak, raw"
673,"Veal, kidney, raw"
13377,"Veal, knuckle, braised (whitout addition of fat and salt)"
661,"Veal, knuckle, raw"
10,"Veal, liver, raw"
11,"Veal, minced, raw"
15,"Veal, ragout, raw"
662,"Veal, round, schnitzel, raw"
1073,"Veal, shoulder, roast in oven (without addition of fat and salt)"
658,"Veal, shoulder, roast, raw"
672,"Veal, sweetbread, raw"
674,"Veal, tongue, raw"
13324,"Veal,steak, pan fried (without addition of fat and salt)"
1580,"Vegetable au gratin, baked"
1666,"Vegetable lasagne, prepared"
1152,"Vegetables (average), raw"
14112,"Vegetarian minced/pieces meat substitute, based on mycoprotein, raw"
514,"Vermouth, 15 vol%"
1202,Vinaigrette dressing (with rapeseed oil)
1693,Vinegar
1199,"Vinegar-oil-salad dressing, home-made (with rapeseed oil)"
1680,Vitello tonnato with garnish
1679,Vitello tonnato without garnish
271,Walnut
13402,Walnut oil
10542,Wasabi Paste
371,"Water cress, raw"
893,Water ice
402,"Watermelon, fresh"
822,"Weggli, bread roll made with butter"
1273,Weisswurst (veal sausage)
431,"Wheat bran, raw"
204,"Wheat flour, bakery, type 550"
203,"Wheat flour, high ash, type 1100"
207,"Wheat flour, semi white, type 720"
205,"Wheat flour, white, type 400"
206,"Wheat flour, wholemeal, type 1700"
430,Wheat germ
593,Wheat germ oil
1588,"Wheat risotto, cooked"
897,Wheat starch
939,Wheat wolemeal flakes
734,"Wheat, soft, whole grain"
823,White bread
828,White bread from Ticino
453,"White cabbage, raw"
1028,"White cabbage, steamed (without addition of salt)"
1029,"White cabbage, stewed (without addition of fat and salt) "
211,"Whitefish, raw"
585,Whole milk powder
14126,"Whole milk, 3.5 % Fat, UHT"
62,"Whole milk, pasteurized"
63,"Whole milk, UHT"
1064,"Wholemeal pasta egg-free, cooked in salted water (uniodised)"
801,"Wholemeal pasta egg-free, dry"
802,Wholemeal rice waffles
821,Wholewheat bread
1082,Wienerli (Swiss sausage)
1589,"Wienerli (Swiss sausage), cooked"
489,"Wild boar, raw"
509,"Wine red, 12 vol%"
10477,"Wine red, 13.5 vol%"
508,"Wine red, 9 vol%"
510,"Wine white, 11 vol%"
511,"Wine white, 12.5 vol%"
10478,"Wine white, spritzer, sour"
10479,"Wine white, spritzer, sweet"
763,"Yeast (baking), pressed"
910,"Yeast dough (with butter), sweet, raw"
1177,"Yeast dough (with vegetable fat), sweet, raw"
839,"Yeast, dried"
403,"Yellow plum, fresh"
1192,Yoghurt with added sugar (average)
58,"Yogurt Bifidus, plain"
1612,Yogurt dressing (without oil)
590,"Yogurt flavored, low fat, with sweetener"
52,Yogurt natural
13451,"Yogurt substitute, soy-based, plain"
13452,"Yogurt substitute, soy-based, plain, with calcium fortified"
13453,"Yogurt substitute, soy-based, with fruits or flavour"
13454,"Yogurt substitute, soy-based. with fruit or flavour, with calcium fortified"
588,"Yogurt with fruit, low fat, with sweetener"
54,"Yogurt, chocolate"
55,"Yogurt, hazelnut"
587,"Yogurt, low fat"
57,"Yogurt, mocca"
99,"Yogurt, mocca, organic"
53,"Yogurt, strawberry"
56,"Yogurt, vanilla"
759,Zampone
506,Ziger white
1661,"Zucchini piccata, prepared"
1657,"Zucchini slices, breaded, prepared"
367,"Zucchini, raw"
1654,"Zucchini, steamed (without addition of salt)"
1031,"Zucchini, stewed (without addition of fat and salt)"
1253,Amaro Ramazzotti (30 vol%)
1147,Eichhof Hubertus (6 vol%)
13436,"Energy drink, with sweetener (Average of branded products)"
13425,"Greek yogurt, with cream, plain (Average of branded products)"
1151,Ittinger (5.6 vol%)
1262,Malibu Coconut (21 vol%)
1178,Mineral water Badoit (St Galmier)
1045,"Mineral water, Acqua Panna"
538,"Mineral water, Adelbodner"
1171,"Mineral water, Adello"
540,"Mineral water, Allegra (Malix)"
1096,"Mineral water, Appenzell (Gontenbad)"
73,"Mineral water, Aproz (Aproz)"
104,"Mineral water, Aquella (Bouillets)"
541,"Mineral water, Arkina"
501,"Mineral water, Contrex"
1172,"Mineral water, Cristallo (Lostorf)"
1044,"Mineral water, Elmer"
48,"Mineral water, Eptinger"
521,"Mineral water, Evian (Cachat)"
522,"Mineral water, Henniez"
1173,"Mineral water, Knutwiler"
523,"Mineral water, Passugger (Theophilquelle)"
524,"Mineral water, Perrier"
537,"Mineral water, Rhäzünser"
525,"Mineral water, San Pellegrino"
1095,"Mineral water, Valais (Montis)"
45,"Mineral water, Valser Classic/Naturelle (St. Petersquelle)"
1047,"Mineral water, Valser Silence (St. Paulsquelle)"
535,"Mineral water, Vittel"
550,"Mineral water, Volvic"
548,"Mineral water, Zurzacher"
1263,Pastis 51 de Marseille (45 vol%)
1265,Suze (20 vol%)
13421,Vanille sugar (Average of branded foods)
13424,Worcester Sauce (Average of branded products)
